Stadt,Temperatur,dataAvailability1,Tageshoechsttemperatur,dataAvailability2,Naechtl. Tiefsttemperatur,dataAvailability3,Frosttage,dataAvailability4,Eistage,dataAvailability5,Niederschlagsmenge,dataAvailability6,Niederschlagstage,dataAvailability7,Sonnenstunden pro Tag,dataAvailability8,Windstaerke,dataAvailability9,Schneetage,dataAvailability10,Schneehoehen,dataAvailability11
Aachen,,,,,,,,,,,,,,,,,,,,,,
Aalen,,,,,,,,,,,,,,,,,,,,,,
Achim,,,,,,,,,,,,,,,,,,,,,,
Ahaus,15.6,0.03,18.8,0.06,15.5,0.06,0.0,0.06,0.0,0.03,3.0,0.03,1.0,0.03,5.9,0.09,10.9,0.09,,,,
Ahrensburg,,,,,,,,,,,,,,,,,,,,,,
Aichach,,,,,,,,,,,,,,,,,,,,,,
Alfeld,15.0,0.06,19.2,0.06,12.5,0.09,0.0,0.09,0.0,0.06,,,,,5.7,0.09,4.4,0.09,,,,
Allgaeu,,,,,,,,,,,,,,,,,,,,,,
Allgaeuer Alpen,,,,,,,,,,,,,,,,,,,,,,
Altenberg,12.5,0.06,15.4,0.06,10.3,0.09,0.0,0.09,0.0,0.06,,,,,6.5,0.09,17.0,0.09,,,,
Altenburg,,,19.5,0.19,,,,,,,,,,,,,11.2,0.41,,,,
Altenkirchen,,,,,,,,,,,,,,,,,,,,,,
Altes Land,,,20.4,0.41,,,,,,,,,,,,,14.3,0.67,,,,
Alte Weser Leuchtturm,17.9,0.96,19.8,1.0,16.2,0.96,0.0,0.96,0.0,0.96,,,,,7.8,0.96,27.8,1.0,,,,
Altmark,15.4,0.06,20.5,0.06,12.1,0.09,0.0,0.09,0.0,0.06,,,,,6.5,0.09,8.8,0.09,,,,
Altoetting,,,,,,,,,,,,,,,,,,,,,,
Alzey,,,,,,,,,,,,,,,,,,,,,,
Amberg,,,,,,,,,,,,,,,,,,,,,,
Amrum,,,,,,,,,,,,,,,,,,,,,,
Andernach,16.5,0.06,21.5,0.06,13.4,0.09,0.0,0.09,0.0,0.06,,,,,4.9,0.09,7.1,0.09,,,,
Anklam,,,,,,,,,,,,,,,,,,,,,,
Annaberg-Buchholz,,,,,,,,,,,,,,,,,,,,,,
Ansbach,,,22.6,0.74,,,,,,,,,,,,,10.0,0.8,,,,
Arnsberg,,,,,,,,,,,,,,,,,,,,,,
Arnstadt,,,,,,,,,,,,,,,,,,,,,,
Artern/Unstrut,16.8,0.06,21.1,0.06,13.6,0.09,0.0,0.09,0.0,0.06,,,,,6.7,0.09,12.2,0.09,,,,
Aschaffenburg,,,,,,,,,,,,,,,,,,,,,,
Aschersleben,,,20.7,0.54,,,,,,,,,,,,,15.3,0.8,,,,
Aue,,,,,,,,,,,,,,,,,,,,,,
Augsburg,18.1,0.93,24.3,0.96,11.7,0.93,0.0,0.93,0.0,0.93,49.4,0.7,6.0,0.7,8.4,0.9,8.1,1.0,,,,
Aulendorf,,,,,,,,,,,,,,,,,,,,,,
Aurich,,,,,,,,,,,,,,,,,,,,,,
Backnang,,,,,,,,,,,,,,,,,,,,,,
Bad Belzig,15.9,0.06,19.8,0.06,13.0,0.09,0.0,0.09,0.0,0.06,,,,,6.1,0.09,11.2,0.09,,,,
Bad Doberan,,,,,,,,,,,,,,,,,,,,,,
Bad Ems,,,,,,,,,,,,,,,,,,,,,,
Baden-Baden,,,24.5,0.74,,,,,,,,,,,,,9.1,0.8,,,,
Bad Hersfeld,15.6,0.06,19.8,0.06,12.8,0.09,0.0,0.09,0.0,0.06,,,,,6.9,0.09,10.9,0.09,,,,
Bad Homburg vor der Hoehe,,,,,,,,,,,,,,,,,,,,,,
Bad Kissingen,15.8,0.06,19.9,0.06,12.9,0.09,0.0,0.09,0.0,0.06,,,,,7.0,0.09,12.6,0.09,,,,
Bad Kreuznach,,,,,,,,,,,,,,,,,,,,,,
Bad Laasphe,,,,,,,,,,,,,,,,,,,,,,
Bad Liebenwerda,,,,,,,,,,,,,,,,,,,,,,
Bad Mergentheim,,,,,,,,,,,,,,,,,,,,,,
Bad Neuenahr-Ahrweiler,,,,,,,,,,,,,,,,,,,,,,
Bad Neustadt,,,,,,,,,,,,,,,,,,,,,,
Bad Oldesloe,,,,,,,,,,,,,,,,,,,,,,
Bad Peterstal-Griesbach,,,,,,,,,,,,,,,,,,,,,,
Bad Salzuflen,15.5,0.06,19.3,0.06,13.1,0.09,0.0,0.09,0.0,0.06,,,,,5.5,0.09,8.9,0.09,,,,
Bad Salzungen,,,,,,,,,,,,,,,,,,,,,,
Bad Schwalbach,,,,,,,,,,,,,,,,,,,,,,
Bad Segeberg,,,,,,,,,,,,,,,,,,,,,,
Bad Sobernheim,,,,,,,,,,,,,,,,,,,,,,
Bad Soden-Salmuenster,,,,,,,,,,,,,,,,,,,,,,
Bad Toelz,,,,,,,,,,,,,,,,,,,,,,
Bad Waldsee,,,,,,,,,,,,,,,,,,,,,,
Balingen,,,,,,,,,,,,,,,,,,,,,,
Baltrum,,,,,,,,,,,,,,,,,,,,,,
Bamberg,17.9,0.96,25.3,0.96,10.6,0.96,0.0,0.96,0.0,0.96,14.1,0.83,6.0,0.83,8.8,0.93,6.7,1.0,,,,
Baruth,16.0,0.06,20.7,0.06,11.8,0.09,0.0,0.09,0.0,0.06,,,,,7.4,0.09,10.3,0.09,,,,
Bautzen,,,,,,,,,,,,,,,,,,,,,,
Bayerischer Wald,,,,,,,,,,,,,,,,,,,,,,
Bayreuth,,,,,,,,,,,,,,,,,,,,,,
Beckum,,,,,,,,,,,,,,,,,,,,,,
Beeskow,18.8,1.0,24.0,1.0,13.6,1.0,0.0,1.0,0.0,1.0,8.7,0.74,6.0,0.74,6.6,0.96,10.2,1.0,,,,
Belm,15.1,0.06,19.0,0.06,12.8,0.09,0.0,0.09,0.0,0.06,,,,,5.6,0.09,10.0,0.09,,,,
Berchtesgaden,,,,,,,,,,,,,,,,,,,,,,
Bergen,14.8,0.06,19.2,0.06,12.1,0.09,0.0,0.09,0.0,0.06,2.0,0.06,2.0,0.06,,,5.8,1.0,,,,
Bergheim,,,,,,,,,,,,,,,,,,,,,,
Bergisch Gladbach,,,,,,,,,,,,,,,,,,,,,,
Berlin,19.4,1.0,24.4,1.0,14.4,1.0,0.0,1.0,0.0,1.0,30.8,0.67,6.0,0.67,6.7,1.0,11.3,1.0,,,,
Berlin-Dahlem,18.5,0.96,23.7,1.0,13.5,0.96,0.0,0.96,0.0,0.96,35.2,0.64,5.0,0.64,7.2,0.96,11.4,1.0,,,,
Berlin-Mitte,,,,,,,,,,,,,,,,,,,,,,
Berlin-Tegel,19.0,1.0,24.4,1.0,13.7,1.0,0.0,1.0,0.0,1.0,18.4,0.67,6.0,0.67,6.5,1.0,11.4,1.0,,,,
Bernburg,,,,,,,,,,,,,,,,,,,,,,
Berus,16.9,0.06,20.5,0.06,14.1,0.09,0.0,0.09,0.0,0.06,,,,,6.0,0.09,15.1,0.09,,,,
Biberach,17.4,0.74,22.4,0.77,12.4,0.77,0.0,0.77,0.0,0.74,0.0,0.03,0.0,0.03,,,8.3,1.0,,,,
Bielefeld,,,,,,,,,,,,,,,,,,,,,,
Birkenfeld,,,,,,,,,,,,,,,,,,,,,,
Bitburg,,,21.8,0.7,,,,,,,,,,,,,10.1,0.8,,,,
Bitterfeld,,,,,,,,,,,,,,,,,,,,,,
Bleilochtalsperre,,,,,,,,,,,,,,,,,,,,,,
Bliesdorf,,,,,,,,,,,,,,,,,,,,,,
Boeblingen,,,,,,,,,,,,,,,,,,,,,,
Bochum,,,,,,,,,,,,,,,,,,,,,,
Bodenmais,,,,,,,,,,,,,,,,,,,,,,
Bodensee,,,,,,,,,,,,,,,,,,,,,,
Boizenburg/Elbe,15.0,0.03,20.2,0.06,11.6,0.06,0.0,0.06,0.0,0.03,,,,,6.6,0.09,10.0,0.09,,,,
Bonn,,,,,,,,,,,,,,,,,,,,,,
Borken,,,,,,,,,,,,,,,,,,,,,,
Borkum,,,,,,,,,,,,,,,,,,,,,,
Borna,,,,,,,,,,,,,,,,,,,,,,
Bottrop,,,,,,,,,,,,,,,,,,,,,,
Brake,,,,,,,,,,,,,,,,,,,,,,
Bramsche,,,,,,,,,,,,,,,,,,,,,,
Brandenburg,,,,,,,,,,,,,,,,,,,,,,
Braunschweig,16.5,0.09,21.7,0.54,13.2,0.09,0.0,0.09,0.0,0.09,,,,,6.3,0.09,12.6,0.8,,,,
Bremen,17.8,1.0,23.1,1.0,12.4,1.0,0.0,1.0,0.0,1.0,12.6,0.67,9.0,0.67,6.3,1.0,12.9,1.0,,,,
Bremerhaven,16.7,0.06,19.7,0.06,14.4,0.09,0.0,0.09,0.0,0.06,,,,,8.0,0.09,17.6,0.09,,,,
Bremervoerde,15.1,0.06,19.9,0.06,12.0,0.09,0.0,0.09,0.0,0.06,,,,,7.9,0.09,10.9,0.09,,,,
Bretten,,,,,,,,,,,,,,,,,,,,,,
Brilon,,,,,,,,,,,,,,,,,,,,,,
Brotterode,,,,,,,,,,,,,,,,,,,,,,
Bruchsal,,,,,,,,,,,,,,,,,,,,,,
Buchen,,,,,,,,,,,,,,,,,,,,,,
Buchholz in der Nordheide,,,,,,,,,,,,,,,,,,,,,,
Buedingen,,,,,,,,,,,,,,,,,,,,,,
Bueren,,,20.5,0.74,,,,,,,,,,,,,11.5,0.8,,,,
Burg,,,,,,,,,,,,,,,,,,,,,,
Calden,,,21.3,0.74,,,,,,,,,,,,,12.9,0.8,,,,
Calw,,,,,,,,,,,,,,,,,,,,,,
Castrop-Rauxel,,,,,,,,,,,,,,,,,,,,,,
Celle,16.5,0.74,21.1,0.77,12.1,0.77,0.0,0.77,0.0,0.74,1.0,0.03,1.0,0.03,,,10.5,1.0,,,,
Cham,,,,,,,,,,,,,,,,,,,,,,
Chemnitz,16.0,0.06,20.3,0.06,12.5,0.09,0.0,0.09,0.0,0.06,,,,,6.7,0.09,17.2,0.09,,,,
Cloppenburg,,,,,,,,,,,,,,,,,,,,,,
Coburg,,,,,,,,,,,,,,,,,,,,,,
Cochem,,,,,,,,,,,,,,,,,,,,,,
Coesfeld,,,,,,,,,,,,,,,,,,,,,,
Cottbus,18.8,1.0,24.6,1.0,12.9,1.0,0.0,1.0,0.0,1.0,27.0,0.74,5.0,0.74,6.7,1.0,7.7,1.0,,,,
Crailsheim,,,,,,,,,,,,,,,,,,,,,,
Cuxhaven,18.2,1.0,21.1,1.0,15.3,1.0,0.0,1.0,0.0,1.0,50.9,0.74,12.0,0.74,6.9,1.0,16.0,1.0,,,,
Dachau,,,,,,,,,,,,,,,,,,,,,,
Dahlem,,,,,,,,,,,,,,,,,,,,,,
Darmstadt,,,,,,,,,,,,,,,,,,,,,,
Daun,15.8,0.74,19.9,0.77,11.9,0.77,0.0,0.77,0.0,0.74,,,,,,,11.8,1.0,,,,
Deggendorf,,,,,,,,,,,,,,,,,,,,,,
Delitzsch,,,,,,,,,,,,,,,,,,,,,,
Delmenhorst,,,,,,,,,,,,,,,,,,,,,,
Demmin,,,,,,,,,,,,,,,,,,,,,,
Denkendorf,15.9,0.06,20.0,0.06,12.7,0.09,0.0,0.09,0.0,0.06,,,,,8.3,0.09,8.9,0.09,,,,
Dessau,,,,,,,,,,,,,,,,,,,,,,
Detmold,,,,,,,,,,,,,,,,,,,,,,
Deutsche Bucht,17.2,0.83,18.4,0.93,16.2,0.9,0.0,0.9,0.0,0.83,,,,,6.9,0.9,,,,,,
Deutsche Bucht - Seegebiet,,,,,,,,,,,,,,,,,,,,,,
Diepholz,14.9,0.06,19.1,0.06,12.5,0.09,0.0,0.09,0.0,0.06,,,,,5.4,0.09,11.7,1.0,,,,
Dillingen an der Donau,,,,,,,,,,,,,,,,,,,,,,
Dingolfing,,,,,,,,,,,,,,,,,,,,,,
Dinslaken,,,,,,,,,,,,,,,,,,,,,,
Dippoldiswalde,,,,,,,,,,,,,,,,,,,,,,
Doebeln,,,,,,,,,,,,,,,,,,,,,,
Dormagen,,,,,,,,,,,,,,,,,,,,,,
Dorsten,,,,,,,,,,,,,,,,,,,,,,
Dortmund,,,20.8,0.74,,,,,,,,,,,,,13.9,0.8,,,,
Dresden,18.6,1.0,23.7,1.0,13.5,1.0,0.0,1.0,0.0,1.0,33.3,0.87,9.0,0.87,7.5,1.0,11.8,1.0,,,,
Duisburg,,,,,,,,,,,,,,,,,,,,,,
Duelmen,,,,,,,,,,,,,,,,,,,,,,
Dueren,17.6,0.74,22.5,0.77,12.8,0.77,0.0,0.77,0.0,0.74,6.0,0.06,1.0,0.06,5.9,0.09,11.0,1.0,,,,
Duernast,17.0,0.06,22.5,0.06,12.2,0.09,0.0,0.09,0.0,0.06,,,,,9.0,0.09,7.9,1.0,,,,
Duesseldorf,19.0,1.0,24.3,1.0,13.6,1.0,0.0,1.0,0.0,1.0,40.0,0.77,8.0,0.77,7.1,1.0,13.6,1.0,,,,
Ebermannstadt,,,,,,,,,,,,,,,,,,,,,,
Ebersberg,,,,,,,,,,,,,,,,,,,,,,
Eberswalde,,,,,,,,,,,,,,,,,,,,,,
Edersee,,,,,,,,,,,,,,,,,,,,,,
Egelsbach,,,22.2,0.74,,,,,,,,,,,,,9.0,0.8,,,,
Eggebek,,,,,,,,,,,,,,,,,,,,,,
Ehingen,,,,,,,,,,,,,,,,,,,,,,
Eichstaett,,,,,,,,,,,,,,,,,,,,,,
Eilenburg,,,,,,,,,,,,,,,,,,,,,,
Eilsleben,15.4,0.06,20.0,0.06,12.6,0.09,0.0,0.09,0.0,0.06,,,,,6.5,0.09,13.8,0.09,,,,
Einbeck,,,,,,,,,,,,,,,,,,,,,,
Eisenach,15.7,0.06,19.2,0.06,13.3,0.09,0.0,0.09,0.0,0.06,,,,,6.8,0.09,12.2,0.09,,,,
Eisenberg,,,,,,,,,,,,,,,,,,,,,,
Eisleben,,,,,,,,,,,,,,,,,,,,,,
Emden,17.7,1.0,21.7,1.0,13.7,1.0,0.0,1.0,0.0,1.0,114.2,0.87,17.0,0.87,6.0,1.0,12.7,1.0,,,,
Emmendingen,,,,,,,,,,,,,,,,,,,,,,
Enkenbach-Alsenborn,,,,,,,,,,,,,,,,,,,,,,
Erbach,,,,,,,,,,,,,,,,,,,,,,
Erding,,,,,,,,,,,,,,,,,,,,,,
Erftstadt,,,,,,,,,,,,,,,,,,,,,,
Erfurt,18.3,1.0,23.7,1.0,12.9,1.0,0.0,1.0,0.0,1.0,18.0,0.8,7.0,0.8,7.9,1.0,13.9,1.0,,,,
Erkelenz,,,,,,,,,,,,,,,,,,,,,,
Erlangen,,,,,,,,,,,,,,,,,,,,,,
Erzgebirge/W,11.4,0.06,14.7,0.06,9.3,0.09,0.0,0.09,0.0,0.06,,,,,,,10.6,0.09,,,,
Eschwege,,,,,,,,,,,,,,,,,,,,,,
Espelkamp,,,,,,,,,,,,,,,,,,,,,,
Essen,18.6,1.0,23.0,1.0,14.2,1.0,0.0,1.0,0.0,1.0,68.1,0.96,14.0,0.96,6.8,1.0,10.7,1.0,,,,
Esslingen am Neckar,,,,,,,,,,,,,,,,,,,,,,
Euskirchen,,,,,,,,,,,,,,,,,,,,,,
Eutin,,,,,,,,,,,,,,,,,,,,,,
Fehmarn,18.2,1.0,21.2,1.0,15.2,1.0,0.0,1.0,0.0,1.0,30.2,0.8,13.0,0.8,7.5,1.0,22.6,1.0,,,,
Fehmarnbelt,,,,,,,,,,,,,,,,,,,,,,
Feldberg,13.4,0.03,19.5,0.06,8.9,0.06,0.0,0.06,0.0,0.03,,,,,8.0,0.09,9.6,0.09,,,,
Feuchtwangen,,,,,,,,,,,,,,,,,,,,,,
Fichtelberg,13.1,1.0,16.5,1.0,9.6,1.0,0.0,1.0,0.0,1.0,36.5,0.74,7.0,0.74,7.4,1.0,24.4,1.0,,,,
Finsterwalde,,,,,13.4,0.03,0.0,0.03,,,,,,,12.3,0.03,9.7,0.06,,,,
Fischland-Darß-Zingst,14.7,0.03,20.2,0.06,8.8,0.06,0.0,0.06,0.0,0.03,,,,,10.2,0.09,,,,,,
Flensburg,16.3,0.74,19.8,0.77,13.0,0.77,0.0,0.77,0.0,0.74,3.4,0.06,2.0,0.06,,,19.9,1.0,,,,
Fliegerhorst Meppen,16.1,0.74,20.6,0.74,11.8,0.77,0.0,0.77,0.0,0.74,,,,,,,6.8,0.8,,,,
Foehr,,,,,,,,,,,,,,,,,,,,,,
Forchheim,,,,,,,,,,,,,,,,,,,,,,
Forst,,,,,,,,,,,,,,,,,,,,,,
Frankenberg,,,,,,,,,,,,,,,,,,,,,,
Frankenthal,,,,,,,,,,,,,,,,,,,,,,
Frankfurt,20.1,1.0,25.9,1.0,14.3,1.0,0.0,1.0,0.0,1.0,17.5,0.74,5.0,0.74,8.2,1.0,11.1,1.0,,,,
Frankfurt (Oder),,,,,,,,,,,,,,,,,,,,,,
Freiberg,,,,,,,,,,,,,,,,,,,,,,
Freiburg,18.2,0.06,24.2,0.06,12.5,0.09,0.0,0.09,0.0,0.06,,,,,7.2,0.09,7.1,1.0,,,,
Freiburg/Elbe,,,,,,,,,,,,,,,,,,,,,,
Freising,17.8,1.0,24.1,1.0,11.6,1.0,0.0,1.0,0.0,1.0,88.0,0.87,11.0,0.87,8.5,1.0,8.8,1.0,0.0,0.03,0.0,0.03
Freudenstadt,17.1,1.0,22.5,1.0,11.8,1.0,0.0,1.0,0.0,1.0,19.0,0.58,4.0,0.58,8.0,1.0,11.4,1.0,,,,
Freyung,,,,,,,,,,,,,,,,,,,,,,
Friedberg,,,,,,,,,,,,,,,,,,,,,,
Friedrichshafen,,,23.3,0.74,,,,,,,,,,,,,7.1,0.8,,,,
Friesoythe,15.3,0.03,20.2,0.06,13.1,0.06,0.0,0.06,0.0,0.03,,,,,,,10.7,1.0,,,,
Fritzlar,18.1,1.0,24.7,1.0,11.4,1.0,0.0,1.0,0.0,1.0,13.7,0.87,10.0,0.87,,,9.8,1.0,,,,
Fulda,,,,,,,,,,,,,,,,,,,,,,
Fuerstenberg/Havel,,,,,,,,,,,,,,,,,,,,,,
Fuerstenfeldbruck,,,,,,,,,,,,,,,,,,,,,,
Fuerstenwalde/Spree,,,,,,,,,,,,,,,,,,,,,,
Fuerstenzell,18.0,1.0,23.0,1.0,13.0,1.0,0.0,1.0,0.0,1.0,97.3,0.93,11.0,0.93,7.8,0.93,8.4,1.0,,,,
Fuerth,,,,,,,,,,,,,,,,,,,,,,
Fuessen,,,,,,,,,,,,,,,,,,,,,,
Garmisch-Partenkirchen,16.2,0.06,21.2,0.06,11.5,0.09,0.0,0.09,0.0,0.06,,,,,4.1,0.09,4.7,0.09,,,,
Geisenheim,17.5,0.06,21.5,0.06,14.5,0.09,0.0,0.09,0.0,0.06,,,,,7.1,0.09,8.3,1.0,,,,
Geislingen an der Steige,17.9,0.96,22.5,0.96,13.2,1.0,0.0,1.0,0.0,0.96,17.5,0.64,4.0,0.64,8.0,0.96,12.5,1.0,,,,
Gelsenkirchen,,,,,,,,,,,,,,,,,,,,,,
Genthin,15.8,0.06,21.3,0.06,11.5,0.09,0.0,0.09,0.0,0.06,,,,,6.2,0.09,7.9,0.09,,,,
Georgsmarienhuette,,,,,,,,,,,,,,,,,,,,,,
Gera,18.5,1.0,24.3,1.0,12.7,1.0,0.0,1.0,0.0,1.0,17.8,0.77,6.0,0.77,7.7,1.0,12.3,1.0,,,,
Germersheim,,,,,,,,,,,,,,,,,,,,,,
Giebelstadt,,,,,,,,,,,,,,,,,,,,,,
Gießen,18.7,1.0,25.2,1.0,12.3,1.0,0.0,1.0,0.0,1.0,13.3,0.93,9.0,0.93,7.6,1.0,10.2,1.0,,,,
Gifhorn,,,,,,,,,,,,,,,,,,,,,,
Gladbeck,,,,,,,,,,,,,,,,,,,,,,
Glauchau,,,,,,,,,,,,,,,,,,,,,,
Goehl,,,,,,,,,,,,,,,,,,,,,,
Goldberg,14.8,0.03,20.0,0.06,10.9,0.06,0.0,0.06,0.0,0.03,,,,,8.5,0.09,9.0,0.09,,,,
Goeppingen,,,,,,,,,,,,,,,,,,,,,,
Goerlitz,17.8,1.0,22.9,1.0,12.8,1.0,0.0,1.0,0.0,1.0,76.4,0.74,10.0,0.74,7.1,1.0,10.5,1.0,,,,
Goslar,,,,,,,,,,,,,,,,,,,,,,
Gotha,,,,,,,,,,,,,,,,,,,,,,
Gottfrieding,17.8,0.06,23.8,0.06,13.1,0.09,0.0,0.09,0.0,0.06,,,,,8.8,0.09,7.7,0.09,,,,
Goettingen,15.7,0.06,20.2,0.06,12.9,0.09,0.0,0.09,0.0,0.06,,,,,5.7,0.09,10.7,0.09,,,,
Grafenwoehr,,,21.5,0.7,,,,,,,,,,,,,4.7,0.8,,,,
Greifswald,18.0,1.0,22.5,1.0,13.4,1.0,0.0,1.0,0.0,1.0,27.4,0.7,11.0,0.7,6.8,1.0,12.1,1.0,,,,
Greifswalder Oie,17.7,0.06,20.0,0.06,15.4,0.09,0.0,0.09,0.0,0.06,,,,,12.9,0.03,25.1,1.0,,,,
Greiz,,,,,,,,,,,,,,,,,,,,,,
Grevesmuehlen,16.1,0.03,21.2,0.06,11.2,0.06,0.0,0.06,0.0,0.03,,,,,8.3,0.09,14.9,0.09,,,,
Grimma,,,,,,,,,,,,,,,,,,,,,,
Grimmen,,,,,,,,,,,,,,,,,,,,,,
Großenhain,,,,,,,,,,,,,,,,,,,,,,
Großer Arber,12.8,0.96,15.9,0.96,9.6,1.0,0.0,1.0,0.0,0.96,57.3,0.54,9.0,0.54,7.2,0.96,17.7,1.0,,,,
Großer Ploener See,,,,,,,,,,,,,,,,,,,,,,
Groß-Gerau,,,,,,,,,,,,,,,,,,,,,,
Gummersbach,,,,,,,,,,,,,,,,,,,,,,
Guenzburg,,,,,,,,,,,,,,,,,,,,,,
Guestrow,,,,,,,,,,,,,,,,,,,,,,
Guetersloh,,,,,,,,,,,,,,,,,,,,,,
Hagen,,,,,,,,,,,,,,,,,,,,,,
Hagenow,,,,,,,,,,,,,,,,,,,,,,
Hahn,17.7,0.96,22.4,0.96,12.9,1.0,0.0,1.0,0.0,0.96,33.9,0.77,9.0,0.77,7.9,0.96,13.0,1.0,,,,
Halberstadt,,,,,,,,,,,,,,,,,,,,,,
Haldensleben,,,,,,,,,,,,,,,,,,,,,,
Halle,,,,,,,,,,,,,,,,,,,,,,
Hamburg,17.5,1.0,22.1,1.0,12.9,1.0,0.0,1.0,0.0,1.0,45.7,0.74,10.0,0.74,6.4,1.0,13.2,1.0,,,,
Hameln,,,,,,,,,,,,,,,,,,,,,,
Hamm,,,,,,,,,,,,,,,,,,,,,,
Hanau,,,,,,,,,,,,,,,,,,,,,,
Hann. Muenden,,,,,,,,,,,,,,,,,,,,,,
Hannover,18.4,0.96,23.3,1.0,13.3,0.96,0.0,0.96,0.0,0.96,9.8,0.7,9.0,0.7,6.7,1.0,11.7,1.0,,,,
Harz,12.7,0.06,15.9,0.06,10.7,0.09,0.0,0.09,0.0,0.06,,,,,5.6,0.09,10.3,0.09,,,,
Harzgerode,14.1,0.06,18.9,0.06,11.1,0.09,0.0,0.09,0.0,0.06,,,,,6.8,0.09,12.6,0.09,,,,
Haßfurt,,,,,,,,,,,,,,,,,,,,,,
Heide,16.3,0.06,19.7,0.06,12.9,0.09,0.0,0.09,0.0,0.06,,,,,8.6,0.06,15.0,0.09,,,,
Heidelberg,,,,,,,,,,,,,,,,,,,,,,
Heidenheim an der Brenz,,,,,,,,,,,,,,,,,,,,,,
Heilbronn,,,,,,,,,,,,,,,,,,,,,,
Heiligenstadt,15.6,0.06,19.8,0.06,12.7,0.09,0.0,0.09,0.0,0.06,,,,,6.2,0.09,10.0,0.09,,,,
Heinsberg,16.6,0.41,20.9,0.48,12.4,0.54,0.0,0.54,0.0,0.41,,,,,,,11.0,0.83,,,,
Helgoland,17.9,1.0,19.5,1.0,16.3,1.0,0.0,1.0,0.0,1.0,33.9,0.77,12.0,0.77,7.9,1.0,25.9,1.0,,,,
Helmstedt,,,,,,,,,,,,,,,,,,,,,,
Heppenheim,,,,,,,,,,,,,,,,,,,,,,
Herbrechtingen,,,,,,,,,,,,,,,,,,,,,,
Herford,,,,,,,,,,,,,,,,,,,,,,
Herne,,,,,,,,,,,,,,,,,,,,,,
Herten,,,,,,,,,,,,,,,,,,,,,,
Herzberg,17.5,0.74,22.9,0.77,12.3,0.77,0.0,0.77,0.0,0.74,6.0,0.06,2.0,0.06,,,9.8,1.0,,,,
Hiddensee,,,,,,,,,,,,,,,,,,,,,,
Hildburghausen,,,,,,,,,,,,,,,,,,,,,,
Hildesheim,,,,,,,,,,,,,,,,,,,,,,
Hinterzarten,,,,,,,,,,,,,,,,,,,,,,
Hof,17.0,1.0,22.1,1.0,11.8,1.0,0.0,1.0,0.0,1.0,27.7,0.83,8.0,0.83,7.7,1.0,9.0,0.67,,,,
Hofheim,,,,,,,,,,,,,,,,,,,,,,
Hohenpeißenberg,17.0,1.0,20.9,1.0,13.1,1.0,0.0,1.0,0.0,1.0,127.5,0.93,14.0,0.93,7.5,1.0,12.4,1.0,,,,
Hohenwartetalsperre,,,,,,,,,,,,,,,,,,,,,,
Hoherodskopf,12.6,0.06,15.2,0.06,11.0,0.09,0.0,0.09,0.0,0.06,,,,,6.6,0.09,17.9,0.09,,,,
Hohn,15.6,0.74,19.8,0.77,11.6,0.77,0.0,0.77,0.0,0.74,4.0,0.03,1.0,0.03,,,12.2,1.0,,,,
Hollfeld,,,,,,,,,,,,,,,,,,,,,,
Holzlar,16.4,0.06,20.2,0.06,13.9,0.09,0.0,0.09,0.0,0.06,,,,,5.2,0.09,8.6,1.0,,,,
Holzminden,,,,,,,,,,,,,,,,,,,,,,
Homberg (Efze),,,,,,,,,,,,,,,,,,,,,,
Homberg (Ohm),,,,,,,,,,,,,,,12.0,0.03,,,,,,
Homburg,,,,,,,,,,,,,,,,,,,,,,
Horb am Neckar,,,,,,,,,,,,,,,,,,,,,,
Hoexter,15.1,0.06,18.8,0.06,12.7,0.09,0.0,0.09,0.0,0.06,,,,,5.4,0.09,9.8,1.0,,,,
Hoyerswerda,16.6,0.06,21.5,0.06,12.3,0.09,0.0,0.09,0.0,0.06,,,,,7.2,0.09,10.6,0.09,,,,
Hunsrueck,15.2,0.03,21.4,0.03,11.1,0.06,0.0,0.06,0.0,0.03,,,,,8.5,0.06,11.5,0.06,,,,
Husum,,,,,,,,,,,,,,,,,,,,,,
Ibbenbueren,,,,,,,,,,,,,,,,,,,,,,
Idar-Oberstein,15.1,0.06,19.8,0.06,11.9,0.09,0.0,0.09,0.0,0.06,3.2,0.06,2.0,0.06,,,10.3,1.0,,,,
Illertissen,,,,,,,,,,,,,,,,,,,,,,
Illesheim,,,23.9,0.74,,,,,,,,,,,,,8.6,0.8,,,,
Ingelheim,,,,,,,,,,,,,,,,,,,,,,
Ingolstadt,18.0,0.74,23.3,0.77,12.7,0.77,0.0,0.77,0.0,0.74,,,,,,,8.0,1.0,,,,
Iserlohn,,,,,,,,,,,,,,,,,,,,,,
Itzehoe,16.1,0.06,20.6,0.06,12.3,0.09,0.0,0.09,0.0,0.06,8.0,0.06,2.0,0.06,9.1,0.09,8.2,0.96,,,,
Jagel,15.7,0.74,19.9,0.77,11.7,0.77,0.0,0.77,0.0,0.74,4.0,0.06,2.0,0.06,,,15.2,1.0,,,,
Jena,,,,,,,,,,,,,,,,,,,,,,
Jever,,,,,,,,,,,,,,,,,,,,,,
Juehnde,,,,,,,,,,,,,,,,,,,,,,
Juist,,,,,,,,,,,,,,,,,,,,,,
Juelich,,,,,,,,,,,,,,,,,,,,,,
Kaisersbach,15.0,0.06,20.4,0.06,10.6,0.09,0.0,0.09,0.0,0.06,,,,,7.5,0.09,5.9,0.09,,,,
Kaiserslautern,,,23.8,0.74,,,,,,,,,,,,,6.2,0.8,,,,
Kaltennordheim,,,,,,,,,,,,,,,,,,,,,,
Kamenz,,,,,,,,,,,,,,,,,,,,,,
Kap Arkona,17.9,0.8,20.9,0.8,15.0,0.8,0.0,0.8,0.0,0.8,35.3,0.54,7.0,0.54,8.1,0.74,22.8,0.93,,,,
Kappeln,,,,,,,,,,,,,,,,,,,,,,
Karlsruhe,,,,,,,,,,,,,,,,,,,,,,
Karlstadt,,,,,,,,,,,,,,,,,,,,,,
Kassel,,,,,,,,,,,,,,,,,,,,,,
Katensen,,,,,,,,,,,,,,,,,,,,,,
Kaufbeuren,,,,,,,,,,,,,,,,,,,,,,
Kelheim,,,,,,,,,,,,,,,,,,,,,,
Kempten,17.2,0.87,22.9,0.87,11.6,0.87,0.0,0.87,0.0,0.87,73.1,0.51,4.0,0.51,7.0,0.8,6.1,0.87,,,,
Kiel,17.5,1.0,21.9,1.0,13.2,1.0,0.0,1.0,0.0,1.0,55.7,0.96,19.0,0.96,7.0,1.0,11.3,1.0,,,,
Kieler Bucht,,,,,,,,,,,,,,,,,,,,,,
Kiel Leuchtturm,17.7,0.96,20.3,1.0,15.1,0.96,0.0,0.96,0.0,0.96,,,,,,,25.3,1.0,,,,
Kirchheimbolanden,,,,,,,,,,,,,,,,,,,,,,
Kirchheim unter Teck,,,,,,,,,,,,,,,,,,,,,,
Kirnitzschtal,16.2,0.06,20.4,0.06,12.7,0.09,0.0,0.09,0.0,0.06,,,,,7.7,0.09,12.2,0.09,,,,
Kitzingen,,,,,,,,,,,,,,,,,,,,,,
Kleve,,,,,,,,,,,,,,,,,,,,,,
Klippeneck,14.6,0.06,18.8,0.06,11.3,0.09,0.0,0.09,0.0,0.06,,,,,6.7,0.09,12.7,0.09,,,,
Koblenz,16.9,0.06,20.8,0.06,14.1,0.09,0.0,0.09,0.0,0.06,,,,,,,6.6,0.09,,,,
Koeln,18.8,1.0,25.0,1.0,12.6,1.0,0.0,1.0,0.0,1.0,45.7,0.77,10.0,0.77,7.0,1.0,10.1,1.0,,,,
Konstanz,20.5,1.0,25.7,1.0,15.3,1.0,0.0,1.0,0.0,1.0,79.0,0.77,8.0,0.77,8.3,1.0,6.5,1.0,,,,
Korbach,,,,,,,,,,,,,,,,,,,,,,
Koesching,,,,,,,,,,,,,,,,,,,,,,
Koethen,,,,,,,,,,,,,,,,,,,,,,
Kraichgau,,,,,,,,,,,,,,,,,,,,,,
Krefeld,,,,,,,,,,,,,,,,,,,,,,
Krombachtalsperre,,,,,,,,,,,,,,,,,,,,,,
Kronach,,,,,,,,,,,,,,,,,,,,,,
Krumbach,,,,,,,,,,,,,,,,,,,,,,
Kulmbach,,,,,,,,,,,,,,,,,,,,,,
Kuenzelsau,,,,,,,,,,,,,,,,,,,,,,
Kusel,,,,,,,,,,,,,,,,,,,,,,
Kyritz,13.2,0.03,20.5,0.06,9.8,0.06,0.0,0.06,0.0,0.03,,,,,4.0,0.06,10.1,0.09,,,,
Laage,16.2,0.74,20.4,0.77,12.2,0.77,0.0,0.77,0.0,0.74,4.0,0.03,1.0,0.03,,,12.8,1.0,,,,
Lahr/Schwarzwald,20.1,1.0,26.5,1.0,13.7,1.0,0.0,1.0,0.0,1.0,55.5,0.74,8.0,0.74,8.5,1.0,7.5,1.0,,,,
Lampertheim,,,,,,,,,,,,,,,,,,,,,,
Landau,,,,,,,,,,,,,,,,,,,,,,
Landkreis Donau-Ries,16.2,0.06,21.0,0.06,12.2,0.09,0.0,0.09,0.0,0.06,,,,,8.4,0.09,11.4,0.09,,,,
Landkreis Emsland,15.8,0.03,20.3,0.06,14.5,0.06,0.0,0.06,0.0,0.03,,,,,6.2,0.09,9.1,0.09,,,,
Landsberg,17.1,0.74,21.9,0.77,12.3,0.77,0.0,0.77,0.0,0.74,0.0,0.03,0.0,0.03,,,10.0,1.0,,,,
Landshut,,,,,,,,,,,,,,,,,,,,,,
Langen,,,,,,,,,,,,,,,,,,,,,,
Langeoog,,,,,,,,,,,,,,,,,,,,,,
Lauf an der Pegnitz,,,,,,,,,,,,,,,,,,,,,,
Lauterbach,,,,,,,,,,,,,,,,,,,,,,
Lautertal,15.1,0.06,19.8,0.06,12.0,0.09,0.0,0.09,0.0,0.06,,,,,6.7,0.09,11.4,0.09,,,,
Lechfeld,17.3,0.74,22.4,0.77,12.0,0.77,0.0,0.77,0.0,0.74,0.1,0.06,1.0,0.06,,,9.8,1.0,,,,
Leck,15.5,0.06,19.9,0.06,11.1,0.09,0.0,0.09,0.0,0.06,,,,,9.3,0.09,13.6,1.0,,,,
Leer,,,,,,,,,,,,,,,,,,,,,,
Leipzig,17.0,0.06,21.0,0.06,14.1,0.09,0.0,0.09,0.0,0.06,,,,,6.3,0.09,7.1,1.0,,,,
Lenggries,,,,,,,,,,,,,,,,,,,,,,
Lennestadt,,,,,,,,,,,,,,,,,,,,,,
Leutkirch im Allgaeu,15.8,0.06,20.9,0.06,11.2,0.09,0.0,0.09,0.0,0.06,,,,,5.9,0.09,9.5,0.09,,,,
Leverkusen,,,,,,,,,,,,,,,,,,,,,,
Lichtenfels,,,,,,,,,,,,,,,,,,,,,,
Limburg,,,,,,,,,,,,,,,,,,,,,,
Lindau,,,,,,,,,,,,,,,,,,,,,,
Lippstadt,,,,,,,,,,,,,,,,,,,,,,
Loeningen,,,,,,,,,,,,,,,,,,,,,,
Loerrach,,,,,,,,,,,,,,,,,,,,,,
Lorup,,,,,,,,,,,,,,,,,,,,,,
Luebbecke,,,,,,,,,,,,,,,,,,,,,,
Luebben,,,,,,,,,,,,,,,,,,,,,,
Luebeck,16.1,0.09,20.9,0.74,11.3,0.09,0.0,0.09,0.0,0.09,,,,,8.3,0.09,12.3,0.8,,,,
Luebecker Bucht,,,,,,,,,,,,,,,,,,,,,,
Luechow,17.9,1.0,23.8,1.0,12.0,1.0,0.0,1.0,0.0,1.0,19.2,0.8,11.0,0.8,6.4,1.0,8.8,1.0,,,,
Luckenwalde,,,,,,,,,,,,,,,,,,,,,,
Ludwigsburg,18.5,0.06,22.2,0.06,15.7,0.09,0.0,0.09,0.0,0.06,,,,,7.4,0.09,9.4,0.09,,,,
Ludwigshafen,,,,,,,,,,,,,,,,,,,,,,
Ludwigslust,,,,,,,,,,,,,,,,,,,,,,
Lueneburg,,,,,,,,,,,,,,,,,,,,,,
Lueneburger Heide,15.8,0.74,20.7,0.77,11.2,0.77,0.0,0.77,0.0,0.74,3.0,0.03,1.0,0.03,,,11.7,1.0,,,,
Luenen,,,,,,,,,,,,,,,,,,,,,,
Magdeburg,19.5,0.96,25.5,0.96,13.7,1.0,0.0,1.0,0.0,0.96,12.4,0.83,9.0,0.83,7.0,1.0,8.0,1.0,,,,
Maehringen,15.8,0.06,22.0,0.06,10.6,0.09,0.0,0.09,0.0,0.06,,,,,,,,,,,,
Mainz,,,,,,,,,,,,,,,,,,,,,,
Mannheim,20.6,1.0,26.9,1.0,14.2,1.0,0.0,1.0,0.0,1.0,34.5,0.8,7.0,0.8,8.1,1.0,9.0,1.0,,,,
Marburg,,,,,,,,,,,,,,,,,,,,,,
Marienberg,13.6,0.06,16.9,0.06,11.3,0.09,0.0,0.09,0.0,0.06,,,,,6.6,0.09,11.2,0.09,,,,
Marienleuchte,,,,,,,,,,,,,,,,,,,,,,
Marktoberdorf,,,,,,,,,,,,,,,,,,,,,,
Marl,,,,,,,,,,,,,,,,,,,,,,
Marnitz,18.0,1.0,23.1,1.0,12.8,1.0,0.0,1.0,0.0,1.0,73.1,0.83,14.0,0.83,6.5,1.0,9.9,1.0,,,,
Mauth,,,,,,,,,,,,,,,,,,,,,,
Mayen,,,,,,,,,,,,,,,,,,,,,,
Mecklenburger Seenplatte,,,,,,,,,,,,,,,,,,,,,,
Meiningen,17.2,1.0,22.6,1.0,11.7,1.0,0.0,1.0,0.0,1.0,25.1,0.8,8.0,0.8,7.7,1.0,9.1,1.0,,,,
Meißen,,,,,,,,,,,,,,,,,,,,,,
Meitingen,,,,,,,,,,,,,,,,,,,,,,
Melle,,,,,,,,,,,,,,,,,,,,,,
Memmingen,,,,,,,,,,,,,,,,,,,,,,
Meppen,15.0,0.06,19.5,0.06,12.4,0.09,0.0,0.09,0.0,0.06,,,,,5.8,0.09,7.4,1.0,,,,
Merseburg,,,,,,,,,,,,,,,,,,,,,,
Merzig,,,,,,,,,,,,,,,,,,,,,,
Meschede,,,,,,,,,,,,,,,,,,,,,,
Metten,,,,,,,,,,,,,,,,,,,,,,
Mettmann,,,,,,,,,,,,,,,,,,,,,,
Miesbach,,,,,,,,,,,,,,,,,,,,,,
Miltenberg,,,,,,,,,,,,,,,,,,,,,,
Mindelheim,,,,,,,,,,,,,,,,,,,,,,
Minden,,,,,,,,,,,,,,,,,,,,,,
Mittweida,,,,,,,,,,,,,,,,,,,,,,
Moers,,,,,,,,,,,,,,,,,,,,,,
Moenchengladbach,,,22.0,0.74,,,,,,,,,,,,,11.1,0.8,,,,
Morbach,,,,,,,,,,,,,,,,,,,,,,
Mosbach,,,,,,,,,,,,,,,,,,,,,,
Muehldorf am Inn,17.6,0.06,23.0,0.06,13.0,0.09,0.0,0.09,0.0,0.06,,,,,8.1,0.09,7.7,0.09,,,,
Muehlhausen,,,,,,,,,,,,,,,,,,,,,,
Muelheim,,,,,,,,,,,,,,,,,,,,,,
Muellheim,,,,,,,,,,,,,,,,,,,,,,
Muenchen,19.0,0.06,23.6,0.06,14.9,0.09,0.0,0.09,0.0,0.06,,,,,7.5,0.09,10.3,0.09,,,,
Muensingen,,,,,,,,,,,,,,,,,,,,,,
Muenster,18.2,1.0,23.2,1.0,13.1,1.0,0.0,1.0,0.0,1.0,47.7,0.8,10.0,0.8,6.8,1.0,10.6,1.0,,,,
Nauen,,,,,,,,,,,,,,,,,,,,,,
Naumburg,,,,,,,,,,,,,,,,,,,,,,
Nettersheim,,,,,,,,,,,,,,,,,,,,,,
Neubrandenburg,,,,,,,,,,,,,,,,,,,,,,
Neuburg an der Donau,17.7,0.74,23.1,0.74,12.2,0.77,0.0,0.77,0.0,0.74,0.0,0.03,0.0,0.03,,,7.7,0.8,,,,
Neuhuetten,14.7,0.06,19.0,0.06,12.0,0.09,0.0,0.09,0.0,0.06,,,,,7.5,0.09,11.9,0.09,,,,
Neumarkt in der Oberpfalz,16.2,0.7,20.9,0.7,11.6,0.77,0.0,0.77,0.0,0.7,,,,,,,5.8,0.8,,,,
Neumuenster,,,,,,,,,,,,,,,,,,,,,,
Neunkirchen,,,,,,,,,,,,,,,,,,,,,,
Neuostheim/Neuhermsheim,,,24.0,0.67,,,,,,,,,,,,,8.7,0.8,,,,
Neuruppin,17.9,1.0,22.9,1.0,12.9,1.0,0.0,1.0,0.0,1.0,34.8,0.83,16.0,0.83,7.0,1.0,6.4,1.0,,,,
Neuss,,,,,,,,,,,,,,,,,,,,,,
Neustadt an der Aisch,,,,,,,,,,,,,,,,,,,,,,
Neustadt an der Waldnaab,,,,,,,,,,,,,,,,,,,,,,
Neustadt an der Weinstraße,,,,,,,,,,,,,,,,,,,,,,
Neustadt in Holstein,17.1,0.06,21.2,0.06,13.8,0.09,0.0,0.09,0.0,0.06,,,,,9.1,0.09,16.4,0.09,,,,
Neustrelitz,,,,,,,,,,,,,,,,,,,,,,
Neu-Ulm,,,,,,,,,,,,,,,,,,,,,,
Neuwied,,,,,,,,,,,,,,,,,,,,,,
Niederlangen,,,,,,,,,,,,,,,,,,,,,,
Niederstetten,17.1,0.74,22.0,0.77,12.3,0.77,0.0,0.77,0.0,0.74,5.0,0.06,1.0,0.06,,,11.0,1.0,,,,
Nienburg/Weser,,,,,,,,,,,,,,,,,,,,,,
Niesky,,,,,,,,,,,,,,,,,,,,,,
Norddeich,,,,,,,,,,,,,,,,,,,,,,
Norderney,17.7,0.9,20.0,0.93,15.7,0.93,0.0,0.93,0.0,0.9,69.1,0.8,17.0,0.8,6.7,0.9,20.4,1.0,,,,
Norderstedt,,,,,,,,,,,,,,,,,,,,,,
Nordfriesische Inseln,,,19.4,0.32,,,,,,,,,,,,,24.3,0.8,,,,
Nordhausen,,,,,,,,,,,,,,,,,,,,,,
Nordholz,16.4,0.74,19.7,0.77,13.3,0.77,0.0,0.77,0.0,0.74,12.0,0.06,1.0,0.06,,,15.3,1.0,,,,
Nordhorn,,,,,,,,,,,,,,,,,,,,,,
Nordstrand,,,,,,,,,,,,,,,,,,,,,,
Northeim,,,,,,,,,,,,,,,,,,,,,,
Nuerburg,17.3,0.96,22.4,0.96,12.2,1.0,0.0,1.0,0.0,0.96,23.2,0.7,8.0,0.7,7.4,0.96,10.0,1.0,,,,
Nuernberg,18.8,1.0,25.1,1.0,12.4,1.0,0.0,1.0,0.0,1.0,28.4,0.83,8.0,0.83,8.5,1.0,9.2,1.0,,,,
Oberharz,12.4,1.0,15.5,1.0,9.4,1.0,0.0,1.0,0.0,1.0,58.1,0.96,20.0,0.96,6.1,1.0,31.0,1.0,,,,
Oberhausen,,,,,,,,,,,,,,,,,,,,,,
Obersulm,,,,,,,,,,,,,,,,,,,,,,
Oberwiesenthal,,,,,,,,,,,,,,,,,,,,,,
Obhausen,,,,,,,,,,,,,,,,,,,,,,
Odenwald,15.2,0.06,18.1,0.06,13.1,0.09,0.0,0.09,0.0,0.06,,,,,7.5,0.09,14.3,0.09,,,,
Offenbach,19.6,1.0,25.7,1.0,13.4,1.0,0.0,1.0,0.0,1.0,22.1,0.9,7.0,0.9,8.3,1.0,6.5,1.0,,,,
Offenburg,,,,,,,,,,,,,,,,,,,,,,
Öhringen,19.8,1.0,25.7,1.0,14.0,1.0,0.0,1.0,0.0,1.0,119.1,0.87,7.0,0.87,8.6,0.7,8.7,1.0,,,,
Oldenburg,,,,,,,,,,,,,,,,,,,,,,
Olpe,,,,,,,,,,,,,,,,,,,,,,
Oranienburg,,,,,,,,,,,,,,,,,,,,,,
Orsbach,18.6,1.0,23.4,1.0,13.8,1.0,0.0,1.0,0.0,1.0,45.2,0.8,11.0,0.8,6.8,0.93,14.5,1.0,,,,
Oschatz,17.1,0.06,21.5,0.06,13.2,0.09,0.0,0.09,0.0,0.06,,,,,6.7,0.09,11.5,0.09,,,,
Oschersleben,,,,,,,,,,,,,,,,,,,,,,
Osnabrueck,,,,,,,,,,,,,,,,,,,,,,
Osterfeld,16.5,0.06,20.3,0.06,13.7,0.09,0.0,0.09,0.0,0.06,,,,,7.0,0.09,11.2,0.09,,,,
Osterholz,,,,,,,,,,,,,,,,,,,,,,
Osterode am Harz,,,,,,,,,,,,,,,,,,,,,,
Paderborn,18.1,1.0,23.6,1.0,12.6,1.0,0.0,1.0,0.0,1.0,45.0,0.77,13.0,0.77,6.6,1.0,9.1,1.0,,,,
Parchim,,,18.0,0.03,,,,,,,,,,,,,15.2,0.8,,,,
Pasewalk,,,,,,,,,,,,,,,,,,,,,,
Passau,,,,,,,,,,,,,,,,,,,,,,
Peine,,,,,,,,,,,,,,,,,,,,,,
Pellworm,,,,,,,,,,,,,,,,,,,,,,
Perleberg,,,,,,,,,,,,,,,,,,,,,,
Pfaffenhofen an der Ilm,,,,,,,,,,,,,,,,,,,,,,
Pfaelzerwald,16.3,0.06,19.8,0.06,13.2,0.09,0.0,0.09,0.0,0.06,,,,,6.9,0.09,23.6,0.09,,,,
Pfarrkirchen,,,,,,,,,,,,,,,,,,,,,,
Pforzheim,17.1,0.06,22.8,0.06,12.5,0.09,0.0,0.09,0.0,0.06,,,,,8.3,0.09,6.6,0.09,,,,
Pfullendorf,,,,,,,,,,,,,,,,,,,,,,
Philippsthal,,,,,,,,,,,,,,,,,,,,,,
Pinneberg,15.5,0.06,20.5,0.06,10.5,0.09,0.0,0.09,0.0,0.06,,,,,8.6,0.09,9.3,1.0,,,,
Pirmasens,,,,,,,,,,,,,,,,,,,,,,
Pirna,,,,,,,,,,,,,,,,,,,,,,
Plauen,14.7,0.06,19.1,0.06,11.9,0.09,0.0,0.09,0.0,0.06,,,,,6.2,0.09,8.4,0.09,,,,
Plauer See,,,,,,,,,,,,,,,,,,,,,,
Ploen,16.0,0.06,21.0,0.06,11.6,0.09,0.0,0.09,0.0,0.06,,,,,8.1,0.09,11.0,1.0,,,,
Poel,,,,,,,,,,,,,,,,,,,,,,
Potsdam,19.0,1.0,24.4,1.0,13.7,1.0,0.0,1.0,0.0,1.0,42.6,0.74,8.0,0.74,7.0,1.0,13.1,1.0,,,,
Pottenstein,,,,,,,,,,,,,,,,,,,,,,
Prenzlau,15.0,0.03,20.7,0.06,10.2,0.06,0.0,0.06,0.0,0.03,,,,,8.8,0.09,13.9,0.09,,,,
Preußisch Oldendorf,,,,,,,,,,,,,,,,,,,,,,
Pritzwalk,,,,,,,,,,,,,,,,,,,,,,
Pruem,,,,,,,,,,,,,,,,,,,,,,
Quedlinburg,,,,,,,,,,,,,,,,,,,,,,
Querfurt,,,,,,,,,,,,,,,,,,,,,,
Radeberg,,,,,,,,,,,,,,,,,,,,,,
Rahden,,,,,,,,,,,,,,,,,,,,,,
Rastatt,,,,,,,,,,,,,,,,,,,,,,
Rathenow,,,,,,,,,,,,,,,,,,,,,,
Ratingen,,,,,,,,,,,,,,,,,,,,,,
Ratzeburg,,,,,,,,,,,,,,,,,,,,,,
Ratzeburger See,,,,,,,,,,,,,,,,,,,,,,
Ravensburg,,,,,,,,,,,,,,,,,,,,,,
Recklinghausen,,,,,,,,,,,,,,,,,,,,,,
Regensburg,19.4,1.0,26.1,1.0,12.7,1.0,0.0,1.0,0.0,1.0,39.0,0.83,7.0,0.83,8.3,1.0,7.0,1.0,,,,
Rehfelde,,,,,,,,,,,,,,,,,,,,,,
Reinbek,,,,,,,,,,,,,,,,,,,,,,
Reit im Winkl,,,,,,,,,,,,,,,,,,,,,,
Remscheid,,,,,,,,,,,,,,,,,,,,,,
Rendsburg,15.6,0.74,19.7,0.74,11.8,0.77,0.0,0.77,0.0,0.74,,,,,,,11.9,0.8,,,,
Rennsteig,10.9,0.06,13.2,0.06,9.5,0.09,0.0,0.09,0.0,0.06,,,,,6.6,0.09,19.9,0.09,,,,
Reutlingen,,,,,,,,,,,,,,,,,,,,,,
Rhede,,,,,,,,,,,,,,,,,,,,,,
Rheinbach,,,,,,,,,,,,,,,,,,,,,,
Rheinstetten,20.6,1.0,27.0,1.0,14.1,1.0,0.0,1.0,0.0,1.0,26.1,0.83,7.0,0.83,8.4,1.0,9.9,1.0,,,,
Rhoen,15.2,1.0,19.1,1.0,11.4,1.0,0.0,1.0,0.0,1.0,70.6,0.9,12.0,0.9,7.5,1.0,18.1,1.0,,,,
Ribnitz-Damgarten,,,,,,,,,,,,,,,,,,,,,,
Riedlingen,,,,,,,,,,,,,,,,,,,,,,
Riesa,,,,,,,,,,,,,,,,,,,,,,
Rinteln,,,,,,,,,,,,,,,,,,,,,,
Rosenheim,,,,,,,,,,,,,,,,,,,,,,
Rostock,18.4,1.0,22.0,1.0,14.8,1.0,0.0,1.0,0.0,1.0,24.3,0.67,11.0,0.67,7.4,1.0,16.9,1.0,,,,
Rotenburg,,,,,,,,,,,,,,,,,,,,,,
Roth,15.8,0.06,20.5,0.06,12.4,0.09,0.0,0.09,0.0,0.06,0.4,0.03,1.0,0.03,,,8.2,1.0,,,,
Rothaargebirge,14.8,1.0,18.3,1.0,11.3,1.0,0.0,1.0,0.0,1.0,72.8,0.93,17.0,0.93,6.5,1.0,18.8,1.0,,,,
Rottweil,,,,,,,,,,,,,,,,,,,,,,
Ruegen,16.1,0.06,20.2,0.06,11.5,0.09,0.0,0.09,0.0,0.06,,,,,10.7,0.09,13.3,0.09,,,,
Rurtalsperre,,,,,,,,,,,,,,,,,,,,,,
Saalfeld/Saale,,,,,,,,,,,,,,,,,,,,,,
Saarbruecken,19.0,1.0,24.7,1.0,13.4,1.0,0.0,1.0,0.0,1.0,13.6,0.77,6.0,0.77,8.0,1.0,10.5,1.0,,,,
Saarlouis,,,,,,,,,,,,,,,,,,,,,,
Salzgitter,,,,,,,,,,,,,,,,,,,,,,
Salzwedel,,,,,,,,,,,,,,,,,,,,,,
Sangerhausen,,,,,,,,,,,,,,,,,,,,,,
Sankt Peter-Ording,17.6,0.06,19.8,0.06,14.7,0.09,0.0,0.09,0.0,0.06,,,,,10.0,0.09,23.3,1.0,,,,
Sauerland,14.4,0.06,18.2,0.06,12.3,0.09,0.0,0.09,0.0,0.06,,,,,5.8,0.09,9.4,1.0,,,,
Schaalsee,,,,,,,,,,,,,,,,,,,,,,
Schauenburg,14.9,0.06,18.9,0.06,12.4,0.09,0.0,0.09,0.0,0.06,,,,,6.2,0.09,8.0,0.09,,,,
Schkeuditz,19.4,1.0,24.7,1.0,14.0,1.0,0.0,1.0,0.0,1.0,28.0,0.67,5.0,0.67,7.6,1.0,12.3,1.0,,,,
Schleiz,14.9,0.06,18.1,0.06,12.6,0.09,0.0,0.09,0.0,0.06,,,,,6.6,0.09,13.7,0.09,,,,
Schleswig,17.2,1.0,21.6,1.0,12.8,1.0,0.0,1.0,0.0,1.0,67.5,0.74,14.0,0.74,6.6,1.0,11.6,1.0,,,,
Schloß Holte-Stukenbrock,,,,,,,,,,,,,,,,,,,,,,
Schluechtern,,,,,,,,,,,,,,,,,,,,,,
Schoenebeck,,,,,,,,,,,,,,,,,,,,,,
Schoenefeld,17.3,0.74,22.2,0.74,12.5,0.77,0.0,0.77,0.0,0.74,,,,,7.8,0.09,11.9,0.8,,,,
Schongau,16.2,0.74,20.9,0.77,11.4,0.77,0.0,0.77,0.0,0.74,0.4,0.03,1.0,0.03,,,9.6,0.96,,,,
Schoenhagen,15.8,0.06,20.0,0.06,12.2,0.09,0.0,0.09,0.0,0.06,,,,,8.5,0.09,15.1,0.09,,,,
Schoensee,,,,,,,,,,,,,,,,,,,,,,
Schorndorf,,,,,,,,,,,,,,,,,,,,,,
Schotten,,,,,,,,,,,,,,,,,,,,,,
Schwabach,,,,,,,,,,,,,,,,,,,,,,
Schwaebische Alb,15.3,0.06,19.9,0.06,11.1,0.09,0.0,0.09,0.0,0.06,3.0,0.06,1.0,0.06,,,8.2,1.0,,,,
Schwaebisch Hall,,,,,,,,,,,,,,,,,,,,,,
Schwandorf,,,,,,,,,,,,,,,,,,,,,,
Schwarmstedt,,,,,,,,,,,,,,,,,,,,,,
Schwarzenbek,,,,,,,,,,,,,,,,,,,,,,
Schwarzenborn,,,,,,,,,,,,,,,,,,,,,,
Schwarzwald/N,,,,,,,,,,,,,,,,,,,,,,
Schweinfurt,,,,,,,,,,,,,,,,,,,,,,
Schwelm,,,,,,,,,,,,,,,,,,,,,,
Schwerin,17.7,1.0,22.4,1.0,13.1,1.0,0.0,1.0,0.0,1.0,26.1,0.7,10.0,0.7,6.5,1.0,12.7,1.0,,,,
Seehausen,14.6,0.03,20.5,0.06,12.2,0.06,0.0,0.06,0.0,0.03,,,,,6.9,0.09,9.4,0.09,,,,
Seelow,17.0,0.06,21.3,0.06,12.3,0.09,0.0,0.09,0.0,0.06,,,,,8.4,0.09,10.3,0.09,,,,
Selenter See,,,,,,,,,,,,,,,,,,,,,,
Senftenberg,,,,,,,,,,,,,,,,,,,,,,
Siegburg,,,,,,,,,,,,,,,,,,,,,,
Siegen,,,,,,,,,,,,,,,,,,,,,,
Siegerland,,,18.7,0.74,,,,,,,,,,,,,14.5,0.8,,,,
Sigmaringen,,,,,,,,,,,,,,,,,,,,,,
Simmern,,,,,,,,,,,,,,,,,,,,,,
Singen,,,,,,,,,,,,,,,,,,,,,,
Sinsheim,,,,,,,,,,,,,,,,,,,,,,
Soest,,,,,,,,,,,,,,,,,,,,,,
Solingen,,,,,,,,,,,,,,,,,,,,,,
Soltau,14.0,0.03,19.4,0.06,12.3,0.06,0.0,0.06,0.0,0.03,,,,,5.7,0.09,9.1,0.09,,,,
Soemmerda,,,,,,,,,,,,,,,,,,,,,,
Sondershausen,,,,,,,,,,,,,,,,,,,,,,
Sonneberg,,,,,,,,,,,,,,,,,,,,,,
Sonthofen,16.7,1.0,22.9,1.0,10.4,1.0,0.0,1.0,0.0,1.0,138.4,0.9,15.0,0.9,6.5,1.0,7.6,1.0,,,,
Spessart,,,,,,,,,,,,,,,,,,,,,,
Speyer,,,,,,,,,,,,,,,,,,,,,,
Spiekeroog,,,,,,,,,,,,,,,,,,,,,,
Spremberg,,,,,,,,,,,,,,,,,,,,,,
Springe,,,,,,,,,,,,,,,,,,,,,,
Stade,,,,,,,,,,,,,,,,,,,,,,
Stadthagen,17.0,0.74,21.1,0.77,13.0,0.77,0.0,0.77,0.0,0.74,2.4,0.06,2.0,0.06,4.5,0.09,13.0,1.0,,,,
Starnberg,,,22.9,0.22,,,,,,,,,,,,,9.9,0.7,,,,
Steinau an der Straße,,,,,,,,,,,,,,,,,,,,,,
Steinfurt,16.5,0.74,20.7,0.77,12.5,0.77,0.0,0.77,0.0,0.74,7.0,0.06,2.0,0.06,,,10.5,1.0,,,,
Steinhuder Meer,17.1,0.74,21.3,0.77,13.0,0.77,0.0,0.77,0.0,0.74,1.2,0.06,2.0,0.06,,,13.0,1.0,,,,
Stendal,,,,,,,,,,,,,,,,,,,,,,
St. Georgen,,,,,,,,,,,,,,,,,,,,,,
Stollberg,,,,,,,,,,,,,,,,,,,,,,
Stralsund,,,,,,,,,,,,,,,,,,,,,,
Straubing,18.4,1.0,24.5,1.0,12.3,1.0,0.0,1.0,0.0,1.0,70.0,0.96,9.0,0.96,8.1,1.0,7.2,1.0,,,,
Stuttgart,19.4,1.0,25.4,1.0,13.4,1.0,0.0,1.0,0.0,1.0,37.6,0.8,6.0,0.8,8.0,1.0,7.6,1.0,,,,
St. Wendel,,,,,,,,,,,,,,,,,,,,,,
Suedschwarzwald,13.5,1.0,16.0,1.0,11.0,1.0,0.0,1.0,0.0,1.0,91.4,0.87,10.0,0.87,7.4,1.0,20.8,1.0,,,,
Suhl,,,,,,,,,,,,,,,,,,,,,,
Sylt,17.8,1.0,20.3,1.0,15.2,1.0,0.0,1.0,0.0,1.0,33.0,0.64,10.0,0.64,7.2,1.0,25.0,1.0,,,,
Tauberbischofsheim,,,,,,,,,,,,,,,,,,,,,,
Taunus,12.9,0.06,15.8,0.06,10.8,0.09,0.0,0.09,0.0,0.06,,,,,6.5,0.09,13.7,0.09,,,,
Teltow,,,,,,,,,,,,,,,,,,,,,,
Templin,,,,,,,,,,,,,,,,,,,,,,
Teterow,,,,,,,,,,,,,,,,,,,,,,
Thueringer Wald,11.8,0.06,14.6,0.06,9.9,0.09,0.0,0.09,0.0,0.06,,,,,6.8,0.09,14.6,0.09,,,,
Tirschenreuth,,,,,,,,,,,,,,,,,,,,,,
Todtmoos,,,,,,,,,,,,,,,,,,,,,,
Torgau,,,,,,,,,,,,,,,,,,,,,,
Traunstein,,,,,,,,,,,,,,,,,,,,,,
Trier,19.5,1.0,25.8,1.0,13.2,1.0,0.0,1.0,0.0,1.0,12.5,0.8,8.0,0.8,7.1,1.0,9.6,1.0,,,,
Trollenhagen,15.8,0.03,19.8,0.06,11.8,0.06,0.0,0.06,0.0,0.03,0.9,0.03,1.0,0.03,,,13.9,1.0,,,,
Trostberg,,,,,,,,,,,,,,,,,,,,,,
Tuebingen,,,,,,,,,,,,,,,,,,,,,,
Tuttlingen,,,,,,,,,,,,,,,,,,,,,,
Uckermark,18.2,1.0,23.4,1.0,13.1,1.0,0.0,1.0,0.0,1.0,37.4,0.7,10.0,0.7,6.9,0.96,11.9,1.0,,,,
Ueckermuende,14.5,0.03,19.9,0.06,9.5,0.06,0.0,0.06,0.0,0.03,,,,,7.6,0.09,10.9,0.09,,,,
Uelzen,,,,,,,,,,,,,,,,,,,,,,
UFS TW Ems,17.1,0.83,18.2,0.93,16.1,0.87,0.0,0.87,0.0,0.83,,,,,7.7,0.87,25.5,1.0,,,,
Ulm,,,,,,,,,,,,,,,,,,,,,,
Ulrichstein,,,,,,,,,,,,,,,,,,,,,,
Unna,,,,,,,,,,,,,,,,,,,,,,
Usedom,,,,,,,,,,,,,,,,,15.0,0.8,,,,
Uslar,,,,,,,,,,,,,,,,,,,,,,
Vaihingen an der Enz,,,,,,,,,,,,,,,,,,,,,,
Vechta,,,,,,,,,,,,,,,,,,,,,,
Velbert,,,,,,,,,,,,,,,,,,,,,,
Velden,,,,,,,,,,,,,,,,,,,,,,
Verden,,,,,,,,,,,,,,,,,,,,,,
Viersen,,,,,,,,,,,,,,,,,,,,,,
Villingen-Schwenningen,,,,,,,,,,,,,,,,,,,,,,
Voehringen,,,,,,,,,,,,,,,,,,,,,,
Waechtersbach,,,,,,,,,,,,,,,,,,,,,,
Wacken,,,,,,,,,,,,,,,,,,,,,,
Wadern,,,,,,,,,,,,,,,,,,,,,,
Waiblingen,,,,,,,,,,,,,,,,,,,,,,
Waibstadt,16.9,0.06,21.1,0.06,13.9,0.09,0.0,0.09,0.0,0.06,,,,,7.9,0.09,8.9,0.09,,,,
Walchensee,,,,,,,,,,,,,,,,,,,,,,
Waldmuenchen,14.9,0.06,20.1,0.06,11.2,0.09,0.0,0.09,0.0,0.06,,,,,7.3,0.09,11.2,0.09,,,,
Waldshut-Tiengen,,,,,,,,,,,,,,,,,,,,,,
Walsrode,,,,,,,,,,,,,,,,,,,,,,
Wangen im Allgaeu,,,,,,,,,,,,,,,,,,,,,,
Wangerooge,,,,,,,,,,,,,,,,,,,,,,
Warburg,15.1,0.06,19.3,0.06,12.5,0.09,0.0,0.09,0.0,0.06,,,,,5.7,0.09,9.5,0.09,,,,
Waren,18.0,1.0,22.4,1.0,13.6,1.0,0.0,1.0,0.0,1.0,30.5,0.8,15.0,0.8,7.0,1.0,10.2,1.0,,,,
Warendorf,,,,,,,,,,,,,,,,,,,,,,
Warmensteinach,,,,,,,,,,,,,,,,,,,,,,
Wedehorn,,,,,,,,,,,,,,,,,,,,,,
Weeze,,,21.8,0.74,,,,,,,,,,,,,11.3,0.8,,,,
Weiden in der Oberpfalz,18.0,1.0,24.1,1.0,11.9,1.0,0.0,1.0,0.0,1.0,21.5,0.87,7.0,0.87,8.2,1.0,6.9,1.0,,,,
Weilheim,,,,,,,,,,,,,,,,,,,,,,
Weimar,,,,,,,,,,,,,,,,,,,,,,
Weißenburg,15.9,0.06,20.8,0.06,12.3,0.09,0.0,0.09,0.0,0.06,,,,,8.0,0.09,10.7,0.09,,,,
Weißenfels,,,,,,,,,,,,,,,,,,,,,,
Weißwasser,,,,,,,,,,,,,,,,,,,,,,
Wendelstein,,,,,,,,,,,,,,,,,,,,,,
Werl,16.6,0.06,20.7,0.06,14.0,0.09,0.0,0.09,0.0,0.06,6.0,0.06,2.0,0.06,4.8,0.09,10.5,1.0,,,,
Werneuchen,,,,,,,,,,,,,,,,,,,,,,
Wernigerode,16.0,0.06,20.1,0.06,13.4,0.09,0.0,0.09,0.0,0.06,,,,,7.0,0.09,9.6,0.09,,,,
Wertheim,,,,,,,,,,,,,,,,,,,,,,
Wesel,,,,,,,,,,,,,,,,,,,,,,
Westensee,,,,,,,,,,,,,,,,,,,,,,
Westerstede,,,,,,,,,,,,,,,,,,,,,,
Westerwald,13.7,0.06,16.8,0.06,11.7,0.09,0.0,0.09,0.0,0.06,,,,,5.6,0.09,11.5,0.09,,,,
Wetzlar,,,,,,,,,,,,,,,,,,,,,,
Wiesbaden,,,23.8,0.74,,,,,,,,,,,,,8.5,0.8,,,,
Wiesenfelden,,,,,,,,,,,,,,,,,,,,,,
Wiesensee,,,,,,,,,,,,,,,,,,,,,,
Wildeshausen,,,,,,,,,,,,,,,,,,,,,,
Wilhelmshaven,,,,,,,,,,,,,,,,,,,,,,
Winsen,,,,,,,,,,,,,,,,,,,,,,
Wismar,,,,,,,,,,,,,,,,,,,,,,
Witten,,,,,,,,,,,,,,,,,,,,,,
Wittenberg,16.4,0.06,20.1,0.06,13.7,0.09,0.0,0.09,0.0,0.06,,,,,6.2,0.09,8.4,0.09,,,,
Wittingen,,,,,,,,,,,,,,,,,,,,,,
Wittlich,,,,,,,,,,,,,,,,,,,,,,
Wittmund,16.0,0.74,19.7,0.77,12.6,0.77,0.0,0.77,0.0,0.74,2.0,0.06,1.0,0.06,,,12.8,1.0,,,,
Wittstock/Dosse,,,,,,,,,,,,,,,,,,,,,,
Wolfenbuettel,,,,,,,,,,,,,,,,,,,,,,
Wolfratshausen,,,,,,,,,,,,,,,,,,,,,,
Wolfsburg,,,,,,,,,,,,,,,,,,,,,,
Wolgast,,,,,,,,,,,,,,,,,,,,,,
Worms,,,,,,,,,,,,,,,,,,,,,,
Woerth am Rhein,,,,,,,,,,,,,,,,,,,,,,
Wunsiedel,14.3,0.06,18.3,0.06,11.4,0.09,0.0,0.09,0.0,0.06,,,,,7.1,0.09,12.1,0.09,,,,
Wuppertal,,,,,,,,,,,,,,,,,,,,,,
Wuerselen,,,,,,,,,,,,,,,,,,,,,,
Wuerzburg,19.6,1.0,25.7,1.0,13.6,1.0,0.0,1.0,0.0,1.0,19.6,0.74,5.0,0.74,8.3,1.0,9.5,1.0,,,,
Zehdenick,,,,,,,,,,,,,,,,,,,,,,
Zeitz,,,,,,,,,,,,,,,,,,,,,,
Zerbst/Anhalt,,,,,,,,,,,,,,,,,,,,,,
Zittau,,,,,,,,,,,,,,,,,,,,,,
Zugspitze,4.2,1.0,6.4,1.0,2.1,1.0,9.0,1.0,2.0,1.0,,,,,5.7,1.0,18.6,1.0,17.0,1.0,32.5,1.0
Zweibruecken,,,,,,,,,,,,,,,,,,,,,,
Zwickau,,,,,,,,,,,,,,,,,,,,,,
Zwiesel,15.3,0.06,20.7,0.06,11.1,0.09,0.0,0.09,0.0,0.06,,,,,8.2,0.09,7.6,0.09,,,,
